{"cameraMode":{"drawMode":0,"name":"Shaded","section":"Shading Mode"},"sceneLighting":true,"audioPlay":false,"sceneViewState":{"showFog":true,"showMaterialUpdate":false,"showSkybox":true,"showFlares":true,"showImageEffects":true,"showParticleSystems":true},"in2DMode":false,"pivot":{"x":513.000732421875,"y":195.77041625976563,"z":248.10052490234376},"rotation":{"x":0.007309382315725088,"y":-0.22397544980049134,"z":0.0016798636643216014,"w":0.9745659232139587},"size":849.4358520507813,"orthographic":true}