{"cameraMode":{"drawMode":0,"name":"Shaded","section":"Shading Mode"},"sceneLighting":true,"audioPlay":false,"sceneViewState":{"showFog":true,"showMaterialUpdate":false,"showSkybox":true,"showFlares":true,"showImageEffects":true,"showParticleSystems":true},"in2DMode":false,"pivot":{"x":12.715700149536133,"y":8.069664001464844,"z":15.175353050231934},"rotation":{"x":-0.005938369780778885,"y":-0.142904594540596,"z":-0.0008574129897169769,"w":0.9897182583808899},"size":20.424888610839845,"orthographic":true}