{"cameraMode":{"drawMode":0,"name":"Shaded","section":"Shading Mode"},"sceneLighting":true,"audioPlay":false,"sceneViewState":{"showFog":true,"showMaterialUpdate":false,"showSkybox":true,"showFlares":true,"showImageEffects":true,"showParticleSystems":true},"in2DMode":false,"pivot":{"x":36.01301193237305,"y":6.689529895782471,"z":26.35748863220215},"rotation":{"x":0.007309382315725088,"y":-0.22397544980049134,"z":0.0016798636643216014,"w":0.9745659232139587},"size":56.43595886230469,"orthographic":true}